timeStamp,elapsed,label,responseCode,responseMessage,threadName,dataType,success,failureMessage,bytes,sentBytes,grpThreads,allThreads,URL,Latency,IdleTime,Connect
1709045754647,225,Get User,200,OK,Workload Config 1-1,text,true,,1182,123,22,22,https://reqres.in/api/users/2,225,0,138
1709045754662,221,Get User,200,OK,Workload Config 1-2,text,true,,1182,123,22,22,https://reqres.in/api/users/2,221,0,110
1709045754681,212,Get User,200,OK,Workload Config 1-4,text,true,,1182,123,24,24,https://reqres.in/api/users/2,212,0,105
1709045754704,193,Get User,200,OK,Workload Config 1-6,text,true,,1182,123,24,24,https://reqres.in/api/users/2,193,0,108
1709045754671,238,Get User,200,OK,Workload Config 1-3,text,true,,1182,123,26,26,https://reqres.in/api/users/2,238,0,115
1709045754690,226,Get User,200,OK,Workload Config 1-5,text,true,,1182,123,27,27,https://reqres.in/api/users/2,226,0,133
1709045754731,254,Get User,200,OK,Workload Config 1-9,text,true,,1182,123,32,32,https://reqres.in/api/users/2,254,0,147
1709045754764,222,Get User,200,OK,Workload Config 1-12,text,true,,1182,123,32,32,https://reqres.in/api/users/2,222,0,121
1709045754740,248,Get User,200,OK,Workload Config 1-10,text,true,,1182,123,32,32,https://reqres.in/api/users/2,248,0,125
1709045754752,237,Get User,200,OK,Workload Config 1-11,text,true,,1182,123,32,32,https://reqres.in/api/users/2,237,0,113
1709045754713,282,Get User,200,OK,Workload Config 1-7,text,true,,1182,123,33,33,https://reqres.in/api/users/2,282,0,161
1709045754722,273,Get User,200,OK,Workload Config 1-8,text,true,,1182,123,33,33,https://reqres.in/api/users/2,273,0,152
1709045754777,277,Get User,200,OK,Workload Config 1-13,text,true,,1182,123,38,38,https://reqres.in/api/users/2,277,0,172
1709045754790,274,Get User,200,OK,Workload Config 1-14,text,true,,1182,123,38,38,https://reqres.in/api/users/2,274,0,152
1709045754792,273,Get User,200,OK,Workload Config 1-15,text,true,,1182,123,38,38,https://reqres.in/api/users/2,273,0,163
1709045754823,250,Get User,200,OK,Workload Config 1-18,text,true,,1182,123,43,43,https://reqres.in/api/users/2,250,0,161
1709045754832,256,Get User,200,OK,Workload Config 1-19,text,true,,1182,123,43,43,https://reqres.in/api/users/2,256,0,139
1709045754803,290,Get User,200,OK,Workload Config 1-16,text,true,,1182,123,43,43,https://reqres.in/api/users/2,290,0,147
1709045754842,253,Get User,200,OK,Workload Config 1-20,text,true,,1182,123,43,43,https://reqres.in/api/users/2,253,0,138
1709045754814,281,Get User,200,OK,Workload Config 1-17,text,true,,1182,123,43,43,https://reqres.in/api/users/2,281,0,170
1709045754866,230,Get User,200,OK,Workload Config 1-21,text,true,,1182,123,43,43,https://reqres.in/api/users/2,230,0,172
1709045754886,249,Get User,200,OK,Workload Config 1-23,text,true,,1182,123,49,49,https://reqres.in/api/users/2,249,0,164
1709045754910,234,Get User,200,OK,Workload Config 1-27,text,true,,1182,123,50,50,https://reqres.in/api/users/2,234,0,153
1709045754868,276,Get User,200,OK,Workload Config 1-22,text,true,,1182,123,50,50,https://reqres.in/api/users/2,276,0,179
1709045754905,249,Get User,200,OK,Workload Config 1-25,text,true,,1182,123,51,51,https://reqres.in/api/users/2,249,0,161
1709045754902,256,Get User,200,OK,Workload Config 1-26,text,true,,1182,123,51,51,https://reqres.in/api/users/2,256,0,166
1709045754887,273,Get User,200,OK,Workload Config 1-24,text,true,,1182,123,51,51,https://reqres.in/api/users/2,273,0,174
1709045754931,240,Get User,200,OK,Workload Config 1-29,text,true,,1182,123,53,53,https://reqres.in/api/users/2,240,0,162
1709045754920,252,Get User,200,OK,Workload Config 1-28,text,true,,1182,123,53,53,https://reqres.in/api/users/2,252,0,160
1709045754958,238,Get User,200,OK,Workload Config 1-32,text,true,,1182,123,55,55,https://reqres.in/api/users/2,238,0,167
1709045754943,262,Get User,200,OK,Workload Config 1-30,text,true,,1182,123,55,55,https://reqres.in/api/users/2,262,0,152
1709045755010,207,Get User,200,OK,Workload Config 1-37,text,true,,1182,123,58,58,https://reqres.in/api/users/2,207,0,130
1709045754960,259,Get User,200,OK,Workload Config 1-31,text,true,,1182,123,58,58,https://reqres.in/api/users/2,259,0,151
1709045754991,256,Get User,200,OK,Workload Config 1-33,text,true,,1182,123,60,60,https://reqres.in/api/users/2,255,0,157
1709045755005,241,Get User,200,OK,Workload Config 1-35,text,true,,1182,123,60,60,https://reqres.in/api/users/2,241,0,145
1709045754998,250,Get User,200,OK,Workload Config 1-34,text,true,,1182,123,60,60,https://reqres.in/api/users/2,250,0,134
1709045755019,259,Get User,200,OK,Workload Config 1-38,text,true,,1182,123,63,63,https://reqres.in/api/users/2,259,0,152
1709045755006,278,Get User,200,OK,Workload Config 1-36,text,true,,1182,123,64,64,https://reqres.in/api/users/2,278,0,144
1709045755070,232,Get User,200,OK,Workload Config 1-41,text,true,,1182,123,66,66,https://reqres.in/api/users/2,232,0,121
1709045755069,233,Get User,200,OK,Workload Config 1-40,text,true,,1182,123,66,66,https://reqres.in/api/users/2,233,0,121
1709045755071,235,Get User,200,OK,Workload Config 1-42,text,true,,1182,123,66,66,https://reqres.in/api/users/2,235,0,140
1709045755068,246,Get User,200,OK,Workload Config 1-39,text,true,,1182,123,67,67,https://reqres.in/api/users/2,246,0,122
1709045755102,219,Get User,200,OK,Workload Config 1-46,text,true,,1182,123,68,68,https://reqres.in/api/users/2,219,0,138
1709045754875,456,Create User,201,Created,Workload Config 1-1,text,true,,893,228,69,69,https://reqres.in/api/users,456,0,0
1709045754910,435,Create User,201,Created,Workload Config 1-3,text,true,,893,228,68,68,https://reqres.in/api/users,435,0,0
1709045754885,476,Create User,201,Created,Workload Config 1-2,text,true,,893,228,70,70,https://reqres.in/api/users,476,0,0
1709045754897,464,Create User,201,Created,Workload Config 1-6,text,true,,893,228,70,70,https://reqres.in/api/users,464,0,0
1709045754916,446,Create User,201,Created,Workload Config 1-5,text,true,,893,228,70,70,https://reqres.in/api/users,446,0,0
1709045754893,470,Create User,201,Created,Workload Config 1-4,text,true,,893,228,68,68,https://reqres.in/api/users,470,0,0
1709045755099,265,Get User,200,OK,Workload Config 1-45,text,true,,1182,123,67,67,https://reqres.in/api/users/2,265,0,155
1709045755087,277,Get User,200,OK,Workload Config 1-43,text,true,,1182,123,67,67,https://reqres.in/api/users/2,277,0,167
1709045755115,251,Get User,200,OK,Workload Config 1-47,text,true,,1182,123,67,67,https://reqres.in/api/users/2,251,0,143
1709045755098,283,Get User,200,OK,Workload Config 1-44,text,true,,1182,123,68,68,https://reqres.in/api/users/2,283,0,162
1709045755133,252,Get User,200,OK,Workload Config 1-49,text,true,,1182,123,68,68,https://reqres.in/api/users/2,252,0,134
1709045755151,244,Get User,200,OK,Workload Config 1-51,text,true,,1182,123,69,69,https://reqres.in/api/users/2,244,0,163
1709045755130,265,Get User,200,OK,Workload Config 1-48,text,true,,1182,123,69,69,https://reqres.in/api/users/2,265,0,137
1709045755180,216,Get User,200,OK,Workload Config 1-53,text,true,,1182,123,69,69,https://reqres.in/api/users/2,216,0,116
1709045755141,255,Get User,200,OK,Workload Config 1-50,text,true,,1182,123,69,69,https://reqres.in/api/users/2,255,0,155
1709045755163,234,Get User,200,OK,Workload Config 1-52,text,true,,1182,123,69,69,https://reqres.in/api/users/2,234,0,155
1709045755207,268,Get User,200,OK,Workload Config 1-55,text,true,,1182,123,76,76,https://reqres.in/api/users/2,268,0,121
1709045754985,491,Create User,201,Created,Workload Config 1-9,text,true,,893,228,76,76,https://reqres.in/api/users,491,0,0
1709045754986,492,Create User,201,Created,Workload Config 1-12,text,true,,893,228,75,75,https://reqres.in/api/users,492,0,0
1709045755214,264,Get User,200,OK,Workload Config 1-57,text,true,,1182,123,75,75,https://reqres.in/api/users/2,264,0,138
1709045755212,273,Get User,200,OK,Workload Config 1-58,text,true,,1182,123,75,75,https://reqres.in/api/users/2,273,0,130
1709045755183,302,Get User,200,OK,Workload Config 1-54,text,true,,1182,123,75,75,https://reqres.in/api/users/2,302,0,165
1709045754988,498,Create User,201,Created,Workload Config 1-10,text,true,,893,228,75,75,https://reqres.in/api/users,498,0,0
1709045755212,274,Get User,200,OK,Workload Config 1-56,text,true,,1182,123,75,75,https://reqres.in/api/users/2,274,0,124
1709045754996,491,Create User,201,Created,Workload Config 1-7,text,true,,893,228,75,75,https://reqres.in/api/users,491,0,0
1709045754989,498,Create User,201,Created,Workload Config 1-11,text,true,,893,228,75,75,https://reqres.in/api/users,498,0,0
1709045754996,491,Create User,201,Created,Workload Config 1-8,text,true,,893,228,74,74,https://reqres.in/api/users,491,0,0
1709045755054,434,Create User,201,Created,Workload Config 1-13,text,true,,893,228,72,72,https://reqres.in/api/users,434,0,0
1709045755066,463,Create User,201,Created,Workload Config 1-15,text,true,,893,228,75,75,https://reqres.in/api/users,463,0,0
1709045755229,311,Get User,200,OK,Workload Config 1-59,text,true,,1182,123,74,74,https://reqres.in/api/users/2,311,0,173
1709045755073,468,Create User,201,Created,Workload Config 1-18,text,true,,893,228,74,74,https://reqres.in/api/users,468,0,0
1709045755064,478,Create User,201,Created,Workload Config 1-14,text,true,,892,228,73,73,https://reqres.in/api/users,478,0,0
1709045755240,300,Get User,200,OK,Workload Config 1-60,text,true,,1182,123,74,74,https://reqres.in/api/users/2,300,0,163
1709045755089,458,Create User,201,Created,Workload Config 1-19,text,true,,893,228,74,74,https://reqres.in/api/users,458,0,0
1709045755299,248,Get User,200,OK,Workload Config 1-66,text,true,,1182,123,74,74,https://reqres.in/api/users/2,248,0,169
1709045755095,453,Create User,201,Created,Workload Config 1-20,text,true,,893,228,73,73,https://reqres.in/api/users,453,0,0
1709045755096,454,Create User,201,Created,Workload Config 1-17,text,true,,892,228,72,72,https://reqres.in/api/users,454,0,0
1709045755094,469,Create User,201,Created,Workload Config 1-16,text,true,,893,228,73,73,https://reqres.in/api/users,469,0,0
1709045755308,255,Get User,200,OK,Workload Config 1-67,text,true,,1182,123,73,73,https://reqres.in/api/users/2,255,0,161
1709045755282,288,Get User,200,OK,Workload Config 1-64,text,true,,1182,123,72,72,https://reqres.in/api/users/2,288,0,188
1709045755096,475,Create User,201,Created,Workload Config 1-21,text,true,,893,228,72,72,https://reqres.in/api/users,475,0,0
1709045755259,318,Get User,200,OK,Workload Config 1-62,text,true,,1182,123,73,73,https://reqres.in/api/users/2,318,0,233
1709045755250,328,Get User,200,OK,Workload Config 1-61,text,true,,1182,123,73,73,https://reqres.in/api/users/2,328,0,242
1709045755135,444,Create User,201,Created,Workload Config 1-23,text,true,,893,228,73,73,https://reqres.in/api/users,444,0,0
1709045755144,439,Create User,201,Created,Workload Config 1-27,text,true,,893,228,72,72,https://reqres.in/api/users,439,0,0
1709045755159,425,Create User,201,Created,Workload Config 1-26,text,true,,892,228,71,71,https://reqres.in/api/users,425,0,0
1709045755318,271,Get User,200,OK,Workload Config 1-68,text,true,,1182,123,71,71,https://reqres.in/api/users/2,271,0,159
1709045755288,301,Get User,200,OK,Workload Config 1-65,text,true,,1182,123,71,71,https://reqres.in/api/users/2,301,0,239
1709045755145,445,Create User,201,Created,Workload Config 1-22,text,true,,893,228,71,71,https://reqres.in/api/users,445,0,0
1709045755155,435,Create User,201,Created,Workload Config 1-25,text,true,,893,228,71,71,https://reqres.in/api/users,435,0,0
1709045755161,432,Create User,201,Created,Workload Config 1-24,text,true,,893,228,69,69,https://reqres.in/api/users,432,0,0
1709045755268,329,Get User,200,OK,Workload Config 1-63,text,true,,1182,123,69,69,https://reqres.in/api/users/2,329,0,149
1709045755172,451,Create User,201,Created,Workload Config 1-28,text,true,,893,228,71,71,https://reqres.in/api/users,451,0,0
1709045755355,268,Get User,200,OK,Workload Config 1-70,text,true,,1182,123,71,71,https://reqres.in/api/users/2,268,0,195
1709045755329,294,Get User,200,OK,Workload Config 1-69,text,true,,1182,123,71,71,https://reqres.in/api/users/2,294,0,211
1709045755172,454,Create User,201,Created,Workload Config 1-29,text,true,,893,228,71,71,https://reqres.in/api/users,454,0,0
1709045755357,269,Get User,200,OK,Workload Config 1-71,text,true,,1182,123,71,71,https://reqres.in/api/users/2,269,0,187
1709045755197,438,Create User,201,Created,Workload Config 1-32,text,true,,892,228,71,71,https://reqres.in/api/users,438,0,0
1709045755357,278,Get User,200,OK,Workload Config 1-72,text,true,,1182,123,71,71,https://reqres.in/api/users/2,278,0,183
1709045755218,427,Create User,201,Created,Workload Config 1-37,text,true,,893,228,70,70,https://reqres.in/api/users,427,0,0
1709045755205,445,Create User,201,Created,Workload Config 1-30,text,true,,893,228,69,69,https://reqres.in/api/users,445,0,0
1709045755371,280,Get User,200,OK,Workload Config 1-73,text,true,,1182,123,69,69,https://reqres.in/api/users/2,280,0,182
1709045755220,438,Create User,201,Created,Workload Config 1-31,text,true,,893,228,68,68,https://reqres.in/api/users,438,0,0
1709045755379,279,Get User,200,OK,Workload Config 1-74,text,true,,1182,123,68,68,https://reqres.in/api/users/2,279,0,223
1709045755442,217,Get User,200,OK,Workload Config 1-81,text,true,,1182,123,67,67,https://reqres.in/api/users/2,217,0,154
1709045755386,282,Get User,200,OK,Workload Config 1-75,text,true,,1182,123,67,67,https://reqres.in/api/users/2,282,0,217
1709045755249,448,Create User,201,Created,Workload Config 1-34,text,true,,893,228,67,67,https://reqres.in/api/users,448,0,0
1709045755248,454,Create User,201,Created,Workload Config 1-35,text,true,,892,228,66,66,https://reqres.in/api/users,454,0,0
1709045755432,272,Get User,200,OK,Workload Config 1-80,text,true,,1182,123,65,65,https://reqres.in/api/users/2,272,0,200
1709045755483,221,Get User,200,OK,Workload Config 1-83,text,true,,1182,123,65,65,https://reqres.in/api/users/2,221,0,157
1709045755403,302,Get User,200,OK,Workload Config 1-76,text,true,,1182,123,65,65,https://reqres.in/api/users/2,302,0,184
1709045755247,460,Create User,201,Created,Workload Config 1-33,text,true,,893,228,65,65,https://reqres.in/api/users,460,0,0
1709045755408,299,Get User,200,OK,Workload Config 1-77,text,true,,1182,123,65,65,https://reqres.in/api/users/2,299,0,231
1709045755279,435,Create User,201,Created,Workload Config 1-38,text,true,,893,228,64,64,https://reqres.in/api/users,435,0,0
1709045755454,265,Get User,200,OK,Workload Config 1-82,text,true,,1182,123,63,63,https://reqres.in/api/users/2,265,0,178
1709045755303,419,Create User,201,Created,Workload Config 1-41,text,true,,893,228,63,63,https://reqres.in/api/users,419,0,0
1709045755285,436,Create User,201,Created,Workload Config 1-36,text,true,,893,228,63,63,https://reqres.in/api/users,436,0,0
1709045755499,232,Get User,200,OK,Workload Config 1-86,text,true,,1182,123,61,61,https://reqres.in/api/users/2,232,0,129
1709045755497,235,Get User,200,OK,Workload Config 1-85,text,true,,1182,123,61,61,https://reqres.in/api/users/2,235,0,168
1709045755422,314,Get User,200,OK,Workload Config 1-78,text,true,,1182,123,61,61,https://reqres.in/api/users/2,314,0,235
1709045755426,310,Get User,200,OK,Workload Config 1-79,text,true,,1182,123,61,61,https://reqres.in/api/users/2,310,0,229
1709045755314,423,Create User,201,Created,Workload Config 1-39,text,true,,892,228,61,61,https://reqres.in/api/users,423,0,0
1709045755506,231,Get User,200,OK,Workload Config 1-87,text,true,,1182,123,61,61,https://reqres.in/api/users/2,231,0,157
1709045755306,432,Create User,201,Created,Workload Config 1-42,text,true,,893,228,60,60,https://reqres.in/api/users,432,0,0
1709045755304,434,Create User,201,Created,Workload Config 1-40,text,true,,893,228,60,60,https://reqres.in/api/users,434,0,0
1709045755512,245,Get User,200,OK,Workload Config 1-88,text,true,,1182,123,58,58,https://reqres.in/api/users/2,245,0,145
1709045755322,451,Create User,201,Created,Workload Config 1-46,text,true,,893,228,58,58,https://reqres.in/api/users,451,0,0
1709045755552,231,Get User,200,OK,Workload Config 1-91,text,true,,1182,123,57,57,https://reqres.in/api/users/2,231,0,131
1709045755554,241,Get User,200,OK,Workload Config 1-92,text,true,,1182,123,57,57,https://reqres.in/api/users/2,241,0,115
1709045755551,262,Get User,200,OK,Workload Config 1-90,text,true,,1182,123,57,57,https://reqres.in/api/users/2,262,0,167
1709045755366,448,Create User,201,Created,Workload Config 1-43,text,true,,893,228,57,57,https://reqres.in/api/users,448,0,0
1709045755498,316,Get User,200,OK,Workload Config 1-84,text,true,,1182,123,57,57,https://reqres.in/api/users/2,316,0,206
1709045755606,209,Get User,200,OK,Workload Config 1-97,text,true,,1182,123,56,56,https://reqres.in/api/users/2,209,0,123
1709045755546,269,Get User,200,OK,Workload Config 1-89,text,true,,1182,123,56,56,https://reqres.in/api/users/2,269,0,175
1709045755367,449,Create User,201,Created,Workload Config 1-47,text,true,,893,228,56,56,https://reqres.in/api/users,449,0,0
1709045755365,453,Create User,201,Created,Workload Config 1-45,text,true,,893,228,55,55,https://reqres.in/api/users,453,0,0
1709045755385,434,Create User,201,Created,Workload Config 1-49,text,true,,893,228,54,54,https://reqres.in/api/users,434,0,0
1709045755596,223,Get User,200,OK,Workload Config 1-96,text,true,,1182,123,54,54,https://reqres.in/api/users/2,223,0,151
1709045755574,247,Get User,200,OK,Workload Config 1-93,text,true,,1182,123,53,53,https://reqres.in/api/users/2,247,0,153
1709045755382,444,Create User,201,Created,Workload Config 1-44,text,true,,893,228,53,53,https://reqres.in/api/users,444,0,0
1709045755587,240,Get User,200,OK,Workload Config 1-95,text,true,,1182,123,53,53,https://reqres.in/api/users/2,240,0,162
1709045755613,218,Get User,200,OK,Workload Config 1-98,text,true,,1182,123,52,52,https://reqres.in/api/users/2,218,0,121
1709045755575,256,Get User,200,OK,Workload Config 1-94,text,true,,1182,123,52,52,https://reqres.in/api/users/2,256,0,168
1709045755396,460,Create User,201,Created,Workload Config 1-51,text,true,,893,228,52,52,https://reqres.in/api/users,460,0,0
1709045755398,475,Create User,201,Created,Workload Config 1-48,text,true,,893,228,51,51,https://reqres.in/api/users,475,0,0
1709045755397,486,Create User,201,Created,Workload Config 1-50,text,true,,892,228,50,50,https://reqres.in/api/users,486,0,0
1709045755397,486,Create User,201,Created,Workload Config 1-53,text,true,,893,228,50,50,https://reqres.in/api/users,486,0,0
1709045755398,501,Create User,201,Created,Workload Config 1-52,text,true,,893,228,48,48,https://reqres.in/api/users,501,0,0
1709045755623,275,Get User,200,OK,Workload Config 1-99,text,true,,1182,123,48,48,https://reqres.in/api/users/2,275,0,194
1709045755637,267,Get User,200,OK,Workload Config 1-100,text,true,,1182,123,47,47,https://reqres.in/api/users/2,267,0,193
1709045755486,482,Create User,201,Created,Workload Config 1-54,text,true,,893,228,47,47,https://reqres.in/api/users,482,0,0
1709045755478,493,Create User,201,Created,Workload Config 1-57,text,true,,893,228,47,47,https://reqres.in/api/users,493,0,0
1709045755476,506,Create User,201,Created,Workload Config 1-55,text,true,,893,228,46,46,https://reqres.in/api/users,506,0,0
1709045755485,499,Create User,201,Created,Workload Config 1-58,text,true,,893,228,44,44,https://reqres.in/api/users,499,0,0
1709045755486,500,Create User,201,Created,Workload Config 1-56,text,true,,893,228,43,43,https://reqres.in/api/users,500,0,0
1709045755543,450,Create User,201,Created,Workload Config 1-60,text,true,,893,228,42,42,https://reqres.in/api/users,449,0,0
1709045755541,452,Create User,201,Created,Workload Config 1-59,text,true,,893,228,42,42,https://reqres.in/api/users,451,0,0
1709045755563,436,Create User,201,Created,Workload Config 1-67,text,true,,893,228,40,40,https://reqres.in/api/users,436,0,0
1709045755548,451,Create User,201,Created,Workload Config 1-66,text,true,,893,228,40,40,https://reqres.in/api/users,451,0,0
1709045755571,438,Create User,201,Created,Workload Config 1-64,text,true,,893,228,38,38,https://reqres.in/api/users,438,0,0
1709045755577,439,Create User,201,Created,Workload Config 1-62,text,true,,893,228,37,37,https://reqres.in/api/users,439,0,0
1709045755589,433,Create User,201,Created,Workload Config 1-65,text,true,,893,228,36,36,https://reqres.in/api/users,433,0,0
1709045755589,437,Create User,201,Created,Workload Config 1-68,text,true,,893,228,36,36,https://reqres.in/api/users,437,0,0
1709045755597,441,Create User,201,Created,Workload Config 1-63,text,true,,893,228,34,34,https://reqres.in/api/users,441,0,0
1709045755578,465,Create User,201,Created,Workload Config 1-61,text,true,,893,228,33,33,https://reqres.in/api/users,465,0,0
1709045755622,435,Create User,201,Created,Workload Config 1-69,text,true,,893,228,32,32,https://reqres.in/api/users,435,0,0
1709045755625,438,Create User,201,Created,Workload Config 1-71,text,true,,893,228,31,31,https://reqres.in/api/users,438,0,0
1709045755635,428,Create User,201,Created,Workload Config 1-72,text,true,,893,228,31,31,https://reqres.in/api/users,428,0,0
1709045755622,444,Create User,201,Created,Workload Config 1-70,text,true,,893,228,29,29,https://reqres.in/api/users,444,0,0
1709045755650,423,Create User,201,Created,Workload Config 1-73,text,true,,893,228,28,28,https://reqres.in/api/users,423,0,0
1709045755659,438,Create User,201,Created,Workload Config 1-81,text,true,,893,228,27,27,https://reqres.in/api/users,438,0,0
1709045755658,449,Create User,201,Created,Workload Config 1-74,text,true,,893,228,26,26,https://reqres.in/api/users,449,0,0
1709045755667,440,Create User,201,Created,Workload Config 1-75,text,true,,893,228,26,26,https://reqres.in/api/users,440,0,0
1709045755704,431,Create User,201,Created,Workload Config 1-80,text,true,,893,228,24,24,https://reqres.in/api/users,431,0,0
1709045755705,438,Create User,201,Created,Workload Config 1-76,text,true,,893,228,23,23,https://reqres.in/api/users,438,0,0
1709045755706,439,Create User,201,Created,Workload Config 1-77,text,true,,893,228,22,22,https://reqres.in/api/users,439,0,0
1709045755704,442,Create User,201,Created,Workload Config 1-83,text,true,,893,228,22,22,https://reqres.in/api/users,442,0,0
1709045755718,434,Create User,201,Created,Workload Config 1-82,text,true,,893,228,20,20,https://reqres.in/api/users,434,0,0
1709045755732,435,Create User,201,Created,Workload Config 1-85,text,true,,893,228,19,19,https://reqres.in/api/users,435,0,0
1709045755731,436,Create User,201,Created,Workload Config 1-86,text,true,,893,228,19,19,https://reqres.in/api/users,436,0,0
1709045755735,433,Create User,201,Created,Workload Config 1-78,text,true,,892,228,17,17,https://reqres.in/api/users,433,0,0
1709045755735,443,Create User,201,Created,Workload Config 1-79,text,true,,892,228,16,16,https://reqres.in/api/users,443,0,0
1709045755737,441,Create User,201,Created,Workload Config 1-87,text,true,,893,228,16,16,https://reqres.in/api/users,441,0,0
1709045755757,424,Create User,201,Created,Workload Config 1-88,text,true,,893,228,14,14,https://reqres.in/api/users,424,0,0
1709045755782,438,Create User,201,Created,Workload Config 1-91,text,true,,893,228,13,13,https://reqres.in/api/users,438,0,0
1709045755794,437,Create User,201,Created,Workload Config 1-92,text,true,,892,228,12,12,https://reqres.in/api/users,437,0,0
1709045755813,451,Create User,201,Created,Workload Config 1-84,text,true,,893,228,11,11,https://reqres.in/api/users,451,0,0
1709045755813,454,Create User,201,Created,Workload Config 1-90,text,true,,893,228,10,10,https://reqres.in/api/users,454,0,0
1709045755815,456,Create User,201,Created,Workload Config 1-89,text,true,,901,228,10,10,https://reqres.in/api/users,456,0,0
1709045755831,443,Create User,201,Created,Workload Config 1-98,text,true,,901,228,9,9,https://reqres.in/api/users,443,0,0
1709045755826,461,Create User,201,Created,Workload Config 1-95,text,true,,901,228,7,7,https://reqres.in/api/users,461,0,0
1709045755814,473,Create User,201,Created,Workload Config 1-97,text,true,,901,228,7,7,https://reqres.in/api/users,473,0,0
1709045755820,468,Create User,201,Created,Workload Config 1-96,text,true,,901,228,7,7,https://reqres.in/api/users,468,0,0
1709045755820,476,Create User,201,Created,Workload Config 1-93,text,true,,901,228,4,4,https://reqres.in/api/users,476,0,0
1709045755831,465,Create User,201,Created,Workload Config 1-94,text,true,,901,228,4,4,https://reqres.in/api/users,465,0,0
1709045755904,438,Create User,201,Created,Workload Config 1-100,text,true,,901,228,2,2,https://reqres.in/api/users,438,0,0
1709045755899,460,Create User,201,Created,Workload Config 1-99,text,true,,901,228,1,1,https://reqres.in/api/users,460,0,0
